{
    "0": "0",
    "1": "1",
    "2": "2",
    "3": "3",
    "4": "4",
    "5": "5",
    "6": "6",
    "7": "7",
    "8": "8",
    "9": "9",
    "Restart": "重新开始",
    "Pause": "暂停",
    "Play": "玩",
    "Save State": "保存状态",
    "Load State": "负载状态",
    "Control Settings": "控制设置",
    "Cheats": "秘籍",
    "Cache Manager": "缓存管理器",
    "Export Save File": "导出保存文件",
    "Import Save File": "导入保存文件",
    "Netplay": "网络游戏",
    "Mute": "沉默的",
    "Unmute": "取消静音",
    "Settings": "设置",
    "Enter Fullscreen": "进入全屏",
    "Exit Fullscreen": "退出全屏",
    "Reset": "重置",
    "Clear": "清除",
    "Close": "关闭",
    "QUICK SAVE STATE": "快速保存状态",
    "QUICK LOAD STATE": "快速加载状态",
    "CHANGE STATE SLOT": "改变状态槽",
    "FAST FORWARD": "快进",
    "Player": "玩家",
    "Connected Gamepad": "连接游戏手柄",
    "Gamepad": "游戏手柄",
    "Keyboard": "键盘",
    "Set": "放",
    "Add Cheat": "添加作弊",
    "Create a Room": "创建房间",
    "Rooms": "客房",
    "Start Game": "开始游戏",
    "Loading...": "正在加载...",
    "Download Game Core": "下载游戏核心",
    "Decompress Game Core": "解压游戏核心",
    "Download Game Data": "下载游戏数据",
    "Decompress Game Data": "解压游戏数据",
    "Shaders": "着色器",
    "Disabled": "残疾人",
    "2xScaleHQ": "2xScaleHQ",
    "4xScaleHQ": "4xScaleHQ",
    "CRT easymode": "CRT简易模式",
    "CRT aperture": "CRT孔径",
    "CRT geom": "CRT几何",
    "CRT mattias": "CRT马蒂亚斯",
    "FPS": "FPS",
    "show": "展示",
    "hide": "隐藏",
    "Fast Forward Ratio": "快进比率",
    "Fast Forward": "快进",
    "Enabled": "启用",
    "Save State Slot": "保存状态槽",
    "Save State Location": "保存状态位置",
    "Download": "下载",
    "Keep in Browser": "保留在浏览器中",
    "Auto": "汽车",
    "NTSC": "NTSC",
    "PAL": "朋友",
    "Dendy": "丹迪",
    "8:7 PAR": "8:7 帕",
    "4:3": "4:3",
    "Low": "低的",
    "High": "高的",
    "Very High": "很高",
    "None": "没有任何",
    "Player 1": "玩家1",
    "Player 2": "玩家2",
    "Both": "两个都",
    "SAVED STATE TO SLOT": "已将状态保存到插槽",
    "LOADED STATE FROM SLOT": "从插槽加载状态",
    "SET SAVE STATE SLOT TO": "将保存状态槽设置为",
    "Network Error": "网络错误",
    "Submit": "提交",
    "Description": "描述",
    "Code": "代码",
    "Add Cheat Code": "添加作弊码",
    "Leave Room": "留出空间",
    "Password": "密码",
    "Password (optional)": "密码（可选）",
    "Max Players": "最大玩家数",
    "Room Name": "房间名称",
    "Join": "加入",
    "Player Name": "参赛者姓名",
    "Set Player Name": "设置玩家名称",
    "Left Handed Mode": "左手模式",
    "Virtual Gamepad": "虚拟游戏手柄",
    "Disk": "磁盘",
    "Press Keyboard": "按键盘",
    "INSERT COIN": "投币",
    "Remove": "消除",
    "SAVE LOADED FROM BROWSER": "保存从浏览器加载",
    "SAVE SAVED TO BROWSER": "保存 已保存到浏览器",
    "Join the discord": "加入不和谐的行列",
    "View on GitHub": "在 GitHub 上查看",
    "Failed to start game": "无法开始游戏",
    "Download Game BIOS": "下载游戏BIOS",
    "Decompress Game BIOS": "解压游戏BIOS",
    "Download Game Parent": "下载游戏家长",
    "Decompress Game Parent": "解压游戏父级",
    "Download Game Patch": "下载游戏补丁",
    "Decompress Game Patch": "解压游戏补丁",
    "Download Game State": "下载游戏状态",
    "Check console": "检查控制台",
    "Error for site owner": "网站所有者的错误",
    "EmulatorJS": "模拟器JS",
    "Clear All": "全部清除",
    "Take Screenshot": "截图",
    "Quick Save": "快速保存",
    "Quick Load": "快速加载",
    "REWIND": "倒带",
    "Rewind Enabled (requires restart)": "已启用快退（需要重新启动）",
    "Rewind Granularity": "倒回粒度",
    "Slow Motion Ratio": "慢动作比率",
    "Slow Motion": "慢动作",
    "Home": "家",
    "EmulatorJS License": "EmulatorJS 许可证",
    "RetroArch License": "RetroArch 许可证",
    "SLOW MOTION": "慢动作",
    "A": "A",
    "B": "乙",
    "SELECT": "选择",
    "START": "开始",
    "UP": "向上",
    "DOWN": "向下",
    "LEFT": "左边",
    "RIGHT": "正确的",
    "X": "X",
    "Y": "是",
    "L": "L",
    "R": "右",
    "Z": "Z",
    "STICK UP": "竖起",
    "STICK DOWN": "坚持下来",
    "STICK LEFT": "向左摇杆",
    "STICK RIGHT": "向右摇杆",
    "C-PAD UP": "C-PAD 向上",
    "C-PAD DOWN": "C-PAD 向下",
    "C-PAD LEFT": "C-PAD 左",
    "C-PAD RIGHT": "C-PAD 右",
    "MICROPHONE": "麦克风",
    "BUTTON 1 / START": "按钮 1 / 开始",
    "BUTTON 2": "按钮2",
    "BUTTON": "按钮",
    "LEFT D-PAD UP": "左方向键向上",
    "LEFT D-PAD DOWN": "左方向键按下",
    "LEFT D-PAD LEFT": "左方向键左",
    "LEFT D-PAD RIGHT": "左方向键 右",
    "RIGHT D-PAD UP": "右方向键向上",
    "RIGHT D-PAD DOWN": "右方向键向下",
    "RIGHT D-PAD LEFT": "右方向键 左",
    "RIGHT D-PAD RIGHT": "右方向键右",
    "C": "C",
    "MODE": "模式",
    "FIRE": "火",
    "RESET": "重置",
    "LEFT DIFFICULTY A": "左难度A",
    "LEFT DIFFICULTY B": "左难度B",
    "RIGHT DIFFICULTY A": "正确难度A",
    "RIGHT DIFFICULTY B": "正确难度B",
    "COLOR": "颜色",
    "B/W": "黑白",
    "PAUSE": "暂停",
    "OPTION": "选项",
    "OPTION 1": "选项1",
    "OPTION 2": "选项2",
    "L2": "L2",
    "R2": "R2",
    "L3": "L3",
    "R3": "R3",
    "L STICK UP": "L 粘起来",
    "L STICK DOWN": "L 坚持下来",
    "L STICK LEFT": "L 向左摇杆",
    "L STICK RIGHT": "L 向右摇杆",
    "R STICK UP": "R 粘起来",
    "R STICK DOWN": "R 向下摇杆",
    "R STICK LEFT": "R 向左摇杆",
    "R STICK RIGHT": "R 右摇杆",
    "Start": "开始",
    "Select": "选择",
    "Fast": "快速地",
    "Slow": "慢的",
    "a": "A",
    "b": "乙",
    "c": "C",
    "d": "d",
    "e": "e",
    "f": "F",
    "g": "G",
    "h": "H",
    "i": "我",
    "j": "j",
    "k": "k",
    "l": "我",
    "m": "米",
    "n": "n",
    "o": "哦",
    "p": "p",
    "q": "q",
    "r": "r",
    "s": "s",
    "t": "t",
    "u": "你",
    "v": "v",
    "w": "w",
    "x": "X",
    "y": "y",
    "z": "z",
    "enter": "进入",
    "escape": "逃脱",
    "space": "空间",
    "tab": "标签",
    "backspace": "退格键",
    "delete": "删除",
    "arrowup": "向上箭头",
    "arrowdown": "向下箭头",
    "arrowleft": "向左箭头",
    "arrowright": "向右箭头",
    "f1": "f1",
    "f2": "f2",
    "f3": "f3",
    "f4": "f4",
    "f5": "f5",
    "f6": "f6",
    "f7": "f7",
    "f8": "f8",
    "f9": "f9",
    "f10": "f10",
    "f11": "f11",
    "f12": "F12",
    "shift": "转移",
    "control": "控制",
    "alt": "替代",
    "meta": "元",
    "capslock": "大写锁定",
    "insert": "插入",
    "home": "家",
    "end": "结尾",
    "pageup": "向上翻页",
    "pagedown": "向下翻页",
    "!": "！",
    "@": "@",
    "#": "#",
    "$": "$",
    "%": "%",
    "^": "^",
    "&": "&",
    "*": "*",
    "(": "（",
    ")": "）",
    "-": "-",
    "_": "_",
    "+": "+",
    "=": "=",
    "[": "[",
    "]": "]",
    "{": "{",
    "}": "}",
    ";": ";",
    ":": ":",
    "'": "'",
    "\"": "”",
    ",": ",",
    ".": "。",
    "<": "<",
    ">": ">",
    "/": "/",
    "?": "？",
    "LEFT_STICK_X": "LEFT_STICK_X",
    "LEFT_STICK_Y": "LEFT_STICK_Y",
    "RIGHT_STICK_X": "RIGHT_STICK_X",
    "RIGHT_STICK_Y": "RIGHT_STICK_Y",
    "LEFT_TRIGGER": "左触发",
    "RIGHT_TRIGGER": "右触发",
    "A_BUTTON": "一个按钮",
    "B_BUTTON": "B_按钮",
    "X_BUTTON": "X_按钮",
    "Y_BUTTON": "Y_按钮",
    "START_BUTTON": "开始按钮",
    "SELECT_BUTTON": "选择按钮",
    "L1_BUTTON": "L1_BUTTON",
    "R1_BUTTON": "R1_按钮",
    "L2_BUTTON": "L2_BUTTON",
    "R2_BUTTON": "R2_BUTTON",
    "LEFT_THUMB_BUTTON": "左拇指按钮",
    "RIGHT_THUMB_BUTTON": "RIGHT_THUMB_BUTTON",
    "DPAD_UP": "DPAD_UP",
    "DPAD_DOWN": "DPAD_向下",
    "DPAD_LEFT": "DPAD_左",
    "DPAD_RIGHT": "DPAD_RIGHT"
}